# LuCI language table, mirrored from luci.mk in openwrt/luci.
# Columns: po-directory<TAB>LuCI language code<TAB>display name
# The code column is LUCI_LC_ALIAS.<lang> where one exists, else the
# directory name; the display name is LUCI_LANG.<lang> and lands verbatim
# in the uci-defaults line that registers the language with LuCI.
ar	ar	العربية (Arabic)
bg	bg	български (Bulgarian)
bn_BD	bn	বাংলা (Bengali)
ca	ca	Català (Catalan)
cs	cs	Čeština (Czech)
da	da	Dansk (Danish)
de	de	Deutsch (German)
el	el	Ελληνικά (Greek)
es	es	Español (Spanish)
fa	fa	Farsi (Persian)
fi	fi	Suomi (Finnish)
fil	fil	Filipino (Philippinic)
fr	fr	Français (French)
ga	ga	Gaeilge (Irish)
he	he	עִבְרִית (Hebrew)
hi	hi	हिंदी (Hindi)
hu	hu	Magyar (Hungarian)
it	it	Italiano (Italian)
ja	ja	日本語 (Japanese)
ka	ka	ქართული ენა (Georgian)
ko	ko	한국어 (Korean)
lo	lo	ພາສາລາວ (Lao)
lt	lt	Lietuvių (Lithuanian)
lv	lv	Latviešu (Latvian)
mr	mr	Marāṭhī (Marathi)
ms	ms	Bahasa Melayu (Malay)
nb_NO	no	Norsk (Norwegian)
nl	nl	Nederlands (Dutch)
pl	pl	Polski (Polish)
pt	pt	Português (Portuguese)
pt_BR	pt-br	Português do Brasil (Brazilian Portuguese)
ro	ro	Română (Romanian)
ru	ru	Русский (Russian)
sk	sk	Slovenčina (Slovak)
sv	sv	Svenska (Swedish)
ta	ta	Tamil (Tamil)
tr	tr	Türkçe (Turkish)
uk	uk	Українська (Ukrainian)
vi	vi	Tiếng Việt (Vietnamese)
yua	yua	Yucateco (Yucatec Maya)
zh_Hans	zh-cn	简体中文 (Simplified Chinese)
zh_Hant	zh-tw	正體中文 (Traditional Chinese)
